sigla_uf,cidade,bairro,rua,num_casa
PA,Vieira,Serra Do Curral,Estrada de Lima,20
PA,Gomes Paulista,Lourdes,Alameda Silva,13
RS,Gomes da Praia,Primeiro De Maio,Quadra Yasmin Jesus,87
ES,Moreira,Vila Maloca,Praça Aragão,1
MT,Castro,Flamengo,Largo Pires,59
RR,Rodrigues,Mineirão,Favela Ramos,39
ES,Porto do Sul,Virgínia,Rodovia Olivia Cardoso,46
CE,Costela do Galho,Nossa Senhora De Fátima,Pátio João Guilherme Fernandes,575
MA,Freitas,Alto Vera Cruz,Largo Fernandes,6
RO,Barbosa,Alto Vera Cruz,Loteamento de Vieira,856
PB,da Cunha,Alto Das Antenas,Conjunto de da Cruz,9
BA,Cavalcanti de Barbosa,Brasil Industrial,Recanto da Luz,71
GO,Correia Grande,Guarani,Esplanada de Silva,12
AP,Rodrigues,Serra Do Curral,Chácara de Gomes,389
RN,Rodrigues da Praia,Marmiteiros,Loteamento Yago Caldeira,3
RO,da Mota Alegre,Jonas Veiga,Rodovia Silva,2
MS,Oliveira,Vila Independencia 2ª Seção,Sítio Nathan Alves,23
AM,Oliveira,Vila Cemig,Estrada da Cunha,271
PA,Fernandes de Goiás,Conjunto Floramar,Vale de Costela,4
BA,Barbosa,Indaiá,Sítio das Neves,8
AC,Costa,Santa Terezinha,Vale Vitor Hugo Cardoso,982
RJ,Vieira,Tres Marias,Quadra Eloah Barbosa,586
SC,Porto,Maria Tereza,Viela de Pinto,102
RR,Ramos,Fazendinha,Viela Thales Oliveira,400
RJ,Caldeira de Fogaça,Vila Atila De Paiva,Loteamento da Rocha,366
SE,da Paz da Mata,Nova Esperança,Trevo de da Rosa,46
RO,da Conceição da Mata,São Gabriel,Jardim da Rosa,71
RN,Correia,Funcionários,Trevo Lopes,26
PE,Farias da Prata,Conjunto Minas Caixa,Morro Gonçalves,84
PE,Almeida do Norte,Horto Florestal,Praça de Souza,72
RJ,Lima,Belmonte,Ladeira Peixoto,73
AC,Pinto,Tupi A,Campo Nicole Oliveira,65
SP,Lopes,Vila Nova Cachoeirinha 1ª Seção,Loteamento Lima,502
MG,Porto das Pedras,Vila Aeroporto,Residencial Gonçalves,61
MT,Moreira de da Cruz,Mariano De Abreu,Campo Renan da Cunha,86
GO,Oliveira,São Tomaz,Alameda de Alves,16
RJ,Fernandes de Ribeiro,Guarani,Estrada de Moraes,57
AL,Carvalho do Galho,Trevo,Feira Yasmin Freitas,9
DF,Barbosa,Salgado Filho,Parque de Fernandes,65
BA,Rodrigues do Oeste,Bonsucesso,Estrada Araújo,90
SC,Peixoto de Sales,Solimoes,Trevo Almeida,32
MT,Sales do Sul,Alto Das Antenas,Lago Vitor Costela,78
MS,da Luz de Fogaça,São Jorge 2ª Seção,Favela de Novaes,88
RJ,Souza,Vila Cemig,Loteamento Larissa Rocha,1
MS,Pereira de Freitas,Dom Cabral,Recanto Cavalcanti,8
PR,Dias,Paquetá,Sítio Luana Moreira,622
PR,Barbosa,Vila Cloris,Ladeira de Fogaça,5
AM,Moreira,Vila Nova Paraíso,Alameda Teixeira,13
PE,Sales,Aguas Claras,Pátio de Cavalcanti,167
RJ,Cardoso,Vila Jardim Alvorada,Ladeira de Moura,33
MS,Moraes Paulista,Andiroba,Via de Porto,69
AP,da Cunha,Ernesto Nascimento,Praia da Cruz,61
RO,Moreira de Lopes,Outro,Condomínio Azevedo,540
PA,da Cunha,Caetano Furquim,Aeroporto Lucca da Cunha,210
PE,da Cruz,Vila Independencia 3ª Seção,Vila Rocha,5
RN,Novaes,Minas Caixa,Vale Nunes,84
PE,Moraes de Nascimento,Silveira,Pátio de Campos,668
CE,da Cruz,Xangri-Lá,Área Júlia Araújo,53
AP,Lopes de Fernandes,São Pedro,Conjunto de Santos,211
PE,Novaes Grande,Vila Trinta E Um De Março,Feira Eduarda Cavalcanti,7
PR,Silveira,Vila São Gabriel,Lagoa Pinto,90
SP,Fogaça Grande,Miramar,Lago Daniela Moura,9
RN,Silva,Conjunto Taquaril,Jardim de Farias,6
BA,Barbosa do Galho,Vila Paquetá,Morro Rocha,753
PE,Oliveira de da Cruz,Itatiaia,Alameda Cecília Nascimento,66
PB,Vieira,Fazendinha,Fazenda Isabella Moraes,6
PA,Correia,Cruzeiro,Distrito Kamilly Silveira,524
PB,Ferreira,Vila Suzana Segunda Seção,Sítio João Gabriel Barros,2
PR,Azevedo,Piratininga,Passarela Aragão,977
CE,Almeida de Ribeiro,Vila Ipiranga,Favela de da Mata,77
MS,das Neves,Jardim Atlântico,Núcleo Moura,515
MG,Jesus Verde,Universitário,Ladeira da Rocha,39
GO,da Mota Verde,Vila Mangueiras,Conjunto Nathan Costela,5
SE,da Cunha de Almeida,Camponesa 1ª Seção,Viaduto Gomes,31
PE,Costela da Praia,Nova Esperança,Trecho Isabella Pinto,367
PE,Costa de Minas,Minas Caixa,Estrada Luiz Otávio Mendes,974
RS,Souza,Tirol,Sítio de Santos,17
AP,Barros,Vila Calafate,Favela Pedro Henrique da Mota,440
AC,Martins das Flores,São Francisco Das Chagas,Avenida Peixoto,1
MT,Nascimento,Vila Santo Antônio Barroquinha,Vereda Antônio da Cunha,7
MS,Aragão da Serra,Vila Copasa,Recanto Santos,18
RS,Teixeira,Vila São Dimas,Vereda de Cunha,678
DF,Monteiro do Campo,Dona Clara,Largo Moura,66
GO,da Mata,São Jorge 1ª Seção,Lago Alícia da Cruz,56
RO,Carvalho,Santa Lúcia,Estação Castro,5
PE,Oliveira Grande,Chácara Leonina,Morro de Carvalho,53
MT,Silveira de da Paz,Conjunto Califórnia Ii,Alameda Laura Porto,80
PA,Cunha,Nova Pampulha,Praia Isabella Souza,977
RS,Melo,Vila São Francisco,Favela de Porto,88
RO,Nogueira,Apolonia,Passarela de Campos,54
MG,Farias Grande,Urca,Lagoa Pereira,91
SC,Alves de Minas,Inconfidência,Aeroporto Matheus da Conceição,80
MG,Cardoso,Granja Werneck,Vale de Aragão,50
AP,Ferreira,Granja De Freitas,Campo Monteiro,860
AL,Pires do Galho,Santa Maria,Ladeira Moura,2
AP,Azevedo do Galho,Vila Engenho Nogueira,Passarela Valentina Dias,7
PB,Oliveira,São Tomaz,Ladeira Almeida,734
MT,Gomes,Betânia,Alameda de da Mota,95
PI,Pinto do Amparo,Vila Fumec,Fazenda Thales Moura,831
AM,Gonçalves de Porto,Conjunto Paulo Vi,Parque Costela,88
AC,Rocha do Sul,Leticia,Quadra Ana Vitória Mendes,8
MA,Moura,Campo Alegre,Vale Moura,67
PB,Costa de da Costa,Savassi,Avenida Sarah Farias,94
RJ,Fogaça,Vila Tirol,Travessa da Cunha,2
BA,Porto,Vila Madre Gertrudes 2ª Seção,Quadra de Cavalcanti,59
TO,Alves,Piraja,Campo Aragão,16
PI,Duarte,Vila Maloca,Rodovia de Oliveira,105
ES,Mendes,Vila Satélite,Vila de Cunha,84
SP,Campos,Mirtes,Vereda da Mota,69
GO,Cunha do Campo,Vila Sesc,Parque de Porto,7
PE,Santos,Padre Eustáquio,Estação de Alves,66
MS,Gomes,Inconfidência,Vale Alves,26
AM,Fernandes das Pedras,Glória,Largo Martins,46
RR,Santos das Pedras,Dona Clara,Trecho Araújo,83
AL,Azevedo,Vila Satélite,Praia de Nogueira,5
RR,Barros de Martins,Vila Bandeirantes,Fazenda Viana,9
ES,Fogaça da Serra,Sagrada Família,Fazenda Ferreira,48
PI,Moura Paulista,Vila Independencia 1ª Seção,Passarela da Mota,73
PB,Costa,Santo Agostinho,Fazenda de Carvalho,82
TO,Moreira,Vila Santa Monica 2ª Seção,Praça de Aragão,406
AL,Nascimento,São Jorge 1ª Seção,Avenida Ana Beatriz Rodrigues,18
TO,Aragão,Dom Cabral,Loteamento de Silva,998
SP,Vieira,Minas Brasil,Condomínio de Viana,994
AM,Novaes do Norte,Vila Nova,Loteamento Fernando Correia,22
RO,Barbosa da Serra,Vila Copasa,Largo João Miguel Cardoso,94
SE,da Conceição,Parque São José,Fazenda Luana Ramos,9
GO,Correia,Vila Antena Montanhês,Alameda Thiago Ferreira,8
BA,da Rocha,Vila Vista Alegre,Viela Porto,3
MA,Ferreira dos Dourados,Vila Sumaré,Recanto Costela,19
MS,Azevedo,Monte São José,Ladeira Costela,48
MG,Pereira de da Costa,Caiçaras,Aeroporto Pereira,251
PB,Cardoso,Vila Das Oliveiras,Setor de Lima,20
AC,Moura de Minas,Vila Trinta E Um De Março,Estrada Ferreira,29
AP,Cavalcanti do Campo,Liberdade,Praia de Duarte,985
PA,Correia,Califórnia,Alameda de da Cruz,1
MS,da Paz de Minas,Jardim América,Vale de Alves,5
MA,Azevedo,Cônego Pinheiro 1ª Seção,Morro de Vieira,22
MG,Peixoto de Freitas,São Jorge 1ª Seção,Travessa de Ramos,8
MA,Gonçalves,Chácara Leonina,Rua Erick Rodrigues,32
RJ,Souza,Vila Dos Anjos,Campo de Ferreira,2
MS,Araújo do Campo,Vila União,Rua Daniela Gomes,56
PE,da Conceição de Ramos,Xangri-Lá,Residencial Gabrielly Moura,429
ES,Castro das Pedras,Pongelupe,Trecho de Fernandes,87
MS,da Paz,Vila São Gabriel,Avenida de Azevedo,78
MS,Souza,Vila Paquetá,Lago de Sales,10
AL,Lima da Mata,Vila São Gabriel,Pátio de Azevedo,664
BA,Gomes,Vila Atila De Paiva,Favela Ana Luiza Silva,36
RN,Barros de Minas,Goiania,Trevo Teixeira,5
RJ,Moraes de Rezende,Beira Linha,Favela de Ferreira,552
PB,Duarte,Barão Homem De Melo 2ª Seção,Lago de da Costa,67
PE,Fogaça,Santo Antônio,Parque de Souza,43
PA,Melo,Califórnia,Estrada de Farias,328
SC,Rezende,Paquetá,Loteamento Teixeira,34
SP,Monteiro,Canadá,Vale Vitor Gabriel Oliveira,121
AC,Carvalho,Califórnia,Trevo de Sales,162
ES,Peixoto,São Jorge 2ª Seção,Loteamento Eduardo Caldeira,9
PR,Sales das Flores,Biquinhas,Avenida Nascimento,92
AL,da Cruz Paulista,Maria Virgínia,Praia Silva,59
PB,Lopes Paulista,Vila Paraíso,Rua Caldeira,911
PA,da Mata da Prata,São Francisco,Pátio Costa,71
AM,Pereira da Mata,Cônego Pinheiro 2ª Seção,Setor de Rocha,1
MS,Fogaça das Pedras,Barro Preto,Núcleo da Cunha,2
RN,Pires do Galho,Vila Antena Montanhês,Rodovia Rocha,5
DF,Barros,Santa Monica,Distrito Rezende,10
PI,Rezende,Heliopolis,Ladeira Isadora da Rocha,28
AL,Azevedo,Vila Da Paz,Aeroporto Azevedo,221
RN,Nunes,Estrela,Parque Nina Moreira,52
AP,Cavalcanti,Madri,Vila Bianca Rocha,682
SE,Lima de Pinto,Vila Paris,Distrito de Cunha,20
SC,da Rocha Grande,Vila Mantiqueira,Recanto Cunha,15
CE,Pinto,Bonsucesso,Condomínio de Lima,9
TO,Correia de Minas,Frei Leopoldo,Esplanada Joana Vieira,5
AP,Lima,São Geraldo,Lagoa Valentina Cavalcanti,545
RO,Ribeiro,Vila Paraíso,Vila Martins,44
AC,das Neves,Palmares,Alameda de Gomes,42
MT,Costela,Unidas,Viela Pereira,15
AP,Gomes Paulista,Vitoria,Campo de Almeida,2
SP,Duarte Alegre,Jardim São José,Rodovia de Fogaça,620
ES,Farias,Vila Maloca,Praia de Almeida,58
RN,Nascimento,Bela Vitoria,Campo de Souza,54
TO,da Conceição,Vila Madre Gertrudes 3ª Seção,Viela Júlia Melo,3
PA,Lima de Minas,Colégio Batista,Recanto de Teixeira,58
CE,Rocha dos Dourados,Cardoso,Passarela da Paz,42
RO,Oliveira,Vila São Gabriel,Passarela João Gabriel Monteiro,79
AC,Rodrigues de Cardoso,Nova Esperança,Trecho Cunha,60
RS,Sales,Vila Nova Gameleira 2ª Seção,Fazenda de Cardoso,8
PA,da Paz Grande,Conjunto Providencia,Quadra Freitas,83
RN,Teixeira,Ernesto Nascimento,Trevo Rocha,92
MS,Martins Grande,Vila Paraíso,Ladeira Araújo,77
AL,da Cruz das Pedras,Vila São Francisco,Via Clara Correia,60
MS,Cardoso,Vila Madre Gertrudes 4ª Seção,Travessa Alves,7
ES,da Luz,Bernadete,Lago de da Mata,40
RJ,Fernandes da Mata,Pindura Saia,Rodovia Letícia Viana,12
PA,Moura das Flores,Nova Cachoeirinha,Área Azevedo,500
MA,Fogaça,Heliopolis,Conjunto de Monteiro,5
PE,Porto,Morro Dos Macacos,Área Stephany Costa,972
RN,da Mata Verde,Floresta,Praça de Oliveira,1
BA,Silva,Camponesa 1ª Seção,Esplanada da Mota,811
RR,da Rosa da Mata,Vila Piratininga Venda Nova,Rua Moura,42
RN,Caldeira,Conjunto Califórnia Ii,Estação Vicente Cavalcanti,88
MS,Cardoso,Venda Nova,Trecho Aragão,83
PA,Freitas de Santos,Alto Caiçaras,Feira da Mota,1
AP,Costa,Vila Havaí,Chácara Viana,84
BA,Gomes,Xodo-Marize,Chácara Letícia Rodrigues,89
PI,Teixeira Grande,Piraja,Conjunto Pinto,55
ES,Farias da Prata,Aarão Reis,Distrito de Porto,32
AL,Ribeiro,São Jorge 3ª Seção,Favela Olivia Caldeira,94
RS,Carvalho de Viana,Céu Azul,Trecho Dias,770
RS,Ferreira Paulista,Marilandia,Estação de Alves,41
CE,Rocha do Galho,Vila Nova Gameleira 2ª Seção,Conjunto de da Luz,54
CE,Ramos,Campo Alegre,Chácara de Nascimento,22
BA,Monteiro,Bonsucesso,Passarela de Farias,573
PB,Moreira,Rio Branco,Condomínio Eduardo Fernandes,174
PE,Barbosa,Floramar,Condomínio Farias,14
PE,Monteiro de Ferreira,Ambrosina,Lagoa Enzo Ferreira,57
CE,Fogaça,Pedreira Padro Lopes,Quadra Santos,77
SE,Barbosa,Delta,Conjunto da Rosa,7
ES,Gomes do Norte,Conjunto Santa Maria,Quadra Enrico Oliveira,64
DF,Pires da Mata,Monte São José,Trevo de Rodrigues,89
AP,Moraes,Nova Vista,Lagoa Mendes,8
ES,Almeida,Conjunto São Francisco De Assis,Vereda Kaique Nascimento,73
AC,Castro,Padre Eustáquio,Chácara Rocha,63
ES,Pires Paulista,Palmares,Vila Daniela Fogaça,10
RJ,Alves Grande,Xodo-Marize,Conjunto de Nogueira,141
MA,Nunes,Califórnia,Ladeira de Farias,86
PR,Sales de Nascimento,Vila Madre Gertrudes 2ª Seção,Trecho Azevedo,4
GO,Ramos do Norte,Vila Suzana Segunda Seção,Trevo de da Luz,80
BA,Farias Verde,Caiçara - Adelaide,Vila Eduarda Ferreira,58
RO,da Costa,Sagrada Família,Favela Silveira,14
PR,Porto,Serra Do Curral,Quadra de Moura,4
AM,Freitas,Belvedere,Travessa Daniela da Mata,76
DF,Araújo de Rezende,Vila Aeroporto,Chácara Alice Mendes,4
BA,Novaes da Praia,Camargos,Campo Farias,8
SE,Castro,Ipe,Parque Vicente Lima,75
BA,Ferreira de Fernandes,Jatobá,Lagoa da Rosa,21
ES,Costa de Carvalho,Glória,Rodovia Paulo Rocha,47
AM,da Mata,São Paulo,Residencial de Cunha,56
RO,Lima dos Dourados,Braúnas,Praia da Mota,1
AP,Carvalho de Pires,Inconfidência,Estação Nogueira,18
PE,Lopes,Braúnas,Estação Nascimento,12
AL,Mendes de Ferreira,Vila Nova,Praça Caldeira,41
AC,Ramos de Fogaça,Novo Das Industrias,Parque de da Paz,85
RR,Carvalho,Renascença,Esplanada Davi Lucas Gomes,684
RR,Ferreira,Minas Brasil,Travessa Duarte,21
RN,Moura,Diamante,Quadra da Conceição,32
RJ,da Paz da Praia,Aeroporto,Praça de Ferreira,5
ES,Costela do Oeste,Tirol,Esplanada Milena Silva,9
RJ,Fogaça,Jardim Guanabara,Fazenda Pietra Moreira,74
PA,Ribeiro de Goiás,Cônego Pinheiro 2ª Seção,Praia de da Rosa,1
RJ,Oliveira,Juliana,Esplanada de Castro,73
MS,Sales de Goiás,Satelite,Jardim Valentina Mendes,392
SC,Alves do Sul,Tres Marias,Conjunto Porto,21
RS,Ribeiro do Oeste,Santa Cecilia,Loteamento de Fogaça,2
MS,Monteiro,Vila Sesc,Via Luiz Miguel Costa,51
MT,Gonçalves,Barão Homem De Melo 2ª Seção,Distrito de Santos,5
PA,Mendes,Copacabana,Conjunto de Almeida,6
AC,Fernandes de Goiás,Leticia,Via Julia Farias,338
RR,Mendes,Marieta 3ª Seção,Recanto Cavalcanti,35
CE,Almeida,Ouro Preto,Feira das Neves,11
MT,Vieira,Vila Sumaré,Aeroporto Danilo Jesus,170
GO,Souza,Olaria,Chácara Dias,62
PB,Castro do Oeste,Vila Boa Vista,Feira Aragão,68
MS,Souza,Penha,Campo Milena das Neves,24
RN,Caldeira de Minas,Ribeiro De Abreu,Estação Emanuelly Sales,62
MG,Jesus,Das Industrias I,Jardim de da Mota,621
PB,da Rocha Verde,Piraja,Vereda Campos,53
AL,Alves Alegre,Palmeiras,Morro Olivia Lopes,11
RR,Cunha de Fernandes,São Tomaz,Área de Nunes,18
AC,Viana de Ferreira,Vila Cemig,Chácara Sarah Silveira,613
PR,Souza Verde,Marçola,Ladeira de Rezende,62
RO,Almeida,Vila Ipiranga,Setor de Ribeiro,13
RN,da Mata,Madre Gertrudes,Estação Caldeira,18
SC,Caldeira do Campo,Vila Ipiranga,Distrito de Moura,86
MT,Nogueira,Flavio De Oliveira,Trevo João Lucas Duarte,95
SC,Sales do Norte,São Salvador,Rodovia Luiz Henrique Campos,906
CE,Moura do Sul,Caiçara - Adelaide,Área Caroline Teixeira,1
RR,da Rocha,Heliopolis,Quadra Silva,833
AM,Dias,João Pinheiro,Colônia de Castro,6
TO,Gonçalves,Coqueiros,Viela Lucas Gonçalves,45
MG,Novaes Verde,Fazendinha,Distrito de da Paz,45
BA,Rezende,Coração Eucarístico,Feira Aragão,9
AC,Pires,Braúnas,Via Camila Cunha,93
RS,Oliveira das Flores,Lagoinha Leblon,Lagoa Barbosa,5
AM,Ramos de Santos,Santa Tereza,Lago Giovanna da Costa,59
PI,Vieira de Pereira,Jardinópolis,Lagoa Fernandes,8
RS,Fernandes,Nova Vista,Quadra Souza,34
SE,da Luz,Diamante,Setor de Correia,65
PA,Lima,Delta,Largo Cardoso,1
AP,Porto de Dias,Vila Independencia 2ª Seção,Conjunto de Costa,85
PA,Gomes,Nova Vista,Setor Correia,1
AL,Dias,Esplanada,Alameda Silva,60
SC,Rocha,Vila Barragem Santa Lúcia,Viela Pedro Miguel Souza,82
PB,Carvalho Paulista,Fazendinha,Viaduto de Peixoto,2
SE,da Costa,Vila Nova Cachoeirinha 1ª Seção,Passarela Novaes,24
RS,Almeida,Ademar Maldonado,Largo Caroline Ribeiro,28
MG,Caldeira,Anchieta,Quadra Silveira,48
AL,Carvalho,São Francisco Das Chagas,Vila Barros,69
RS,Ramos,Acaiaca,Vale Nunes,89
PE,Jesus,Floresta,Núcleo de Caldeira,43
AM,Duarte,União,Estação Castro,68
RJ,Oliveira de Sales,Conjunto Califórnia I,Vila Esther Moura,3
RO,Fogaça,Boa Viagem,Trecho de Souza,82
CE,Novaes,Vila São Francisco,Favela Paulo Cardoso,48
MS,Cunha,Granja De Freitas,Estação Martins,26
BA,Castro do Amparo,Calafate,Feira Melo,88
MS,Rocha de Nogueira,Barão Homem De Melo 3ª Seção,Jardim Isis Cardoso,42
TO,Melo de Rezende,Mariquinhas,Lagoa Brenda Carvalho,3
ES,das Neves Alegre,Goiania,Residencial Kamilly Nascimento,36
PA,Teixeira do Amparo,Alípio De Melo,Lagoa da Cruz,98
RO,Ramos,Granja De Freitas,Aeroporto Sales,84
AP,da Cunha,Confisco,Pátio Barbosa,65
GO,Moraes,São Geraldo,Colônia Clara Fernandes,21
PI,Barbosa de Minas,Jaqueline,Núcleo de Campos,94
AC,Correia Paulista,Vila Do Pombal,Largo de Costa,38
SC,Fernandes de Lima,Flamengo,Estação Maria Cecília Vieira,63
PR,Duarte Alegre,Palmares,Via de Cavalcanti,38
RJ,Aragão,Santa Rosa,Condomínio Monteiro,4
PI,Freitas,Olhos D'água,Setor Ribeiro,937
SC,Lima de Caldeira,Santa Cecilia,Distrito de da Mota,61
TO,Aragão,Novo São Lucas,Quadra de da Cruz,174
RJ,Viana,Atila De Paiva,Praia de Dias,85
SC,Moura,Lajedo,Campo Moraes,9
PR,da Luz Paulista,Bernadete,Área Juliana Vieira,46
PB,Gonçalves do Norte,Vila São João Batista,Feira de Monteiro,65
PB,Peixoto,Boa Esperança,Estação Moura,742
SP,Fernandes,Vila Independencia 1ª Seção,Vale de da Mota,8
AC,Campos da Prata,Liberdade,Setor Oliveira,46
DF,Araújo do Campo,Ipe,Viela Gustavo Pereira,56
RO,Monteiro Paulista,Satelite,Rua Pires,61
RN,Viana,Santa Isabel,Colônia da Luz,3
AP,Pires,Itatiaia,Núcleo Porto,22
SC,Moreira,Alto Barroca,Via Alves,8
MG,Sales,Ribeiro De Abreu,Colônia Gomes,57
PI,Souza do Galho,Marilandia,Loteamento Vieira,42
SC,Mendes do Campo,Unidas,Conjunto de das Neves,75
RJ,Rocha de Vieira,Araguaia,Feira Costela,64
MA,da Rocha,Parque São Pedro,Largo Correia,43
RR,Silveira da Serra,Baleia,Avenida de Gomes,43
PB,Aragão,Alto Dos Pinheiros,Loteamento Ribeiro,51
AL,Vieira do Norte,Novo Santa Cecilia,Estação Catarina da Cunha,7
AM,Rocha,Mirtes,Chácara de Peixoto,26
RO,Gonçalves de Caldeira,Delta,Jardim Marcos Vinicius Cavalcanti,896
SE,Nascimento Grande,Atila De Paiva,Jardim Peixoto,118
SC,Lopes Alegre,Tres Marias,Aeroporto Pereira,3
SC,Melo,São Jorge 3ª Seção,Recanto Vieira,225
RJ,Ribeiro,Vila Califórnia,Praça Theo Nogueira,95
TO,Moreira,João Paulo Ii,Praça Larissa Barbosa,72
TO,Barbosa,Vila São Geraldo,Área da Conceição,8
DF,Rocha Verde,Itapoa,Trevo de Costela,20
SC,Castro,Vila Cloris,Campo Pedro Miguel Moura,56
MS,da Paz,Conjunto Serra Verde,Vila Novaes,224
PB,Souza da Prata,Marieta 2ª Seção,Morro da Rocha,60
MA,da Mota do Campo,Palmeiras,Morro Duarte,18
PB,Lima das Flores,Pousada Santo Antonio,Passarela Isis da Paz,86
SC,das Neves,Esperança,Estação Melo,13
AC,Vieira do Sul,Lourdes,Aeroporto da Rocha,65
MS,Freitas de Minas,Padre Eustáquio,Vale Maria Julia Fogaça,5
AC,Rodrigues de Rezende,Vila Cloris,Sítio Farias,105
AP,da Costa da Praia,Biquinhas,Esplanada Vitor Gabriel das Neves,47
MT,Monteiro da Praia,Vila Santo Antônio,Ladeira de Jesus,4
MA,Almeida dos Dourados,Santa Cecilia,Lagoa de Sales,84
PB,Porto,Vista Do Sol,Condomínio de Mendes,72
PB,Farias Grande,Ribeiro De Abreu,Recanto Isis Moura,502
DF,Costela do Norte,Floramar,Conjunto Cecília Ribeiro,22
RN,Fernandes Verde,Vila Vista Alegre,Fazenda Cavalcanti,72
GO,Rodrigues,Vila Da Paz,Sítio da Rocha,32
MA,Melo,Barro Preto,Parque de da Mota,1
AP,Azevedo,Cdi Jatoba,Vila da Costa,57
RN,da Mata das Pedras,Guaratã,Fazenda Ian Barros,2
ES,da Mata,Bacurau,Residencial de Jesus,31
MG,Novaes das Flores,Coqueiros,Rodovia Farias,164
AM,Souza do Galho,Vila Copasa,Colônia João Lucas da Mota,36
AM,Caldeira Grande,Vila Fumec,Viela Nicolas Viana,324
DF,Ferreira Alegre,Vila Nova Paraíso,Morro Martins,228
AC,Costela de Goiás,Nazare,Área de Duarte,629
RN,Cardoso,Palmeiras,Passarela de Lima,4
MA,da Costa,Nova Granada,Vereda Santos,98
RN,Novaes,Cruzeiro,Estação de Cunha,9
RR,Almeida,Santa Cruz,Estrada Helena Costa,23
MG,Campos,Nossa Senhora De Fátima,Praça Isabella Gonçalves,75
GO,Cavalcanti da Praia,Aguas Claras,Chácara de Farias,45
MS,Moraes,Alto Vera Cruz,Rodovia Ribeiro,22
MS,Alves do Campo,Vila Batik,Residencial Cecília Sales,437
SP,Pires das Flores,Vila Real 1ª Seção,Estrada de Barbosa,1
RO,Ramos,Nova Floresta,Passarela Monteiro,33
RO,da Cunha,Taquaril,Feira Cunha,26
PE,Nunes,Comiteco,Campo Castro,3
MA,Farias Grande,Senhor Dos Passos,Rodovia Maria Sophia Barbosa,38
AC,Melo das Flores,Vila Nova Gameleira 2ª Seção,Conjunto de Sales,832
MS,da Cruz,Vila Sumaré,Pátio Lopes,35
SE,Farias de Nogueira,Vila Primeiro De Maio,Conjunto Rodrigues,35
MT,Souza,Paquetá,Vereda de Novaes,221
AP,Caldeira dos Dourados,Cruzeiro,Viela Cauã Silva,7
PA,Lopes,Camargos,Alameda Lopes,20
PR,Teixeira,Vila Paraíso,Rua Vitor Gabriel Mendes,377
RJ,Lopes,Vila Santa Rosa,Residencial de da Cruz,40
SC,Duarte do Galho,Vila Nossa Senhora Do Rosário,Condomínio Danilo Ramos,23
RO,Rezende,Vila Copacabana,Conjunto de da Costa,25
TO,Santos,Piraja,Largo Stephany Ribeiro,38
MA,Barbosa,São Jorge 2ª Seção,Praça de da Cunha,7
TO,Aragão Verde,Padre Eustáquio,Viela de Barbosa,27
RN,Costela,Minas Brasil,Avenida Fogaça,8
MA,Melo do Galho,Vila Santa Monica 1ª Seção,Sítio Ribeiro,20
TO,Nascimento,Vila Pilar,Setor Costela,57
PA,Oliveira,Vila São Francisco,Vila Luiz Gustavo da Mota,14
MA,da Rosa dos Dourados,João Paulo Ii,Rodovia de Barbosa,29
SP,Gomes de da Cunha,Vila Jardim Alvorada,Passarela Ferreira,6
ES,Mendes,Vista Alegre,Estação Ana Vitória Barros,9
MS,Nunes do Norte,Vila São Francisco,Favela Miguel da Mota,672
MA,Rodrigues,Solimoes,Vila de Gomes,5
AC,Aragão,Santa Inês,Loteamento de Gonçalves,83
MG,da Mata Alegre,Coqueiros,Distrito de Aragão,53
MS,Pereira do Oeste,Conjunto Santa Maria,Passarela de Barros,2
MA,Barbosa,Jardim Vitoria,Campo Costela,34
MT,Peixoto,Novo Santa Cecilia,Chácara de Alves,6
AL,da Rocha da Praia,São Francisco,Lagoa Rezende,75
AC,Oliveira,Santa Maria,Recanto de Azevedo,8
PB,Barbosa de Pires,Glória,Feira Davi Duarte,73
PI,Rocha,Marçola,Passarela Lopes,8
DF,da Mata da Praia,Vila Jardim Alvorada,Vale Novaes,90
SC,Moraes Grande,Prado,Alameda Laís da Conceição,22
AC,Nogueira da Prata,Flavio Marques Lisboa,Largo de da Cruz,860
RO,Ribeiro,Bairro Das Indústrias Ii,Residencial Leandro da Cunha,826
SC,Sales,Alípio De Melo,Alameda Beatriz Rocha,3
MS,Sales de Ribeiro,Engenho Nogueira,Vereda Ana Luiza Freitas,81
MA,Rodrigues,Ventosa,Vale Davi Lucas Ribeiro,3
PI,Duarte de Minas,Unidas,Viela Costela,26
ES,Vieira dos Dourados,Boa Esperança,Lagoa Gomes,1
CE,Correia de Goiás,Vila Madre Gertrudes 2ª Seção,Área Cardoso,23
TO,Moraes de Martins,Conjunto Providencia,Estação de Oliveira,41
RS,Cunha do Oeste,Gameleira,Travessa de Ramos,71
RR,Azevedo de Costela,Lourdes,Trecho Ana Julia da Costa,514
BA,Ribeiro,Vila Novo São Lucas,Aeroporto Olivia Pinto,22
TO,Peixoto,Pedreira Padro Lopes,Sítio Ana Beatriz Barros,37
PA,Porto do Oeste,Conjunto Jatoba,Morro Amanda da Costa,6
AL,Nascimento,Vitoria Da Conquista,Largo Maria Eduarda da Costa,96
RO,Cunha,Nova America,Favela de Novaes,40
SP,Aragão da Mata,São José,Campo Felipe Viana,453
MA,Rodrigues de Nascimento,São Pedro,Via Carolina Silva,67
AM,Cavalcanti,Caetano Furquim,Travessa Yasmin Dias,57
CE,Cardoso de Campos,Vila Havaí,Residencial Rocha,25
RN,Ribeiro,São João Batista,Rua Ana Lívia Moraes,668
RO,da Rosa,Baleia,Largo de Campos,10
PB,Melo do Sul,Vila Antena,Recanto Aragão,158
ES,Ribeiro,Gameleira,Trecho de Moura,93
MA,Costa,Vila Paraíso,Loteamento de Souza,94
PI,Cardoso de da Mata,Mala E Cuia,Vila de Gonçalves,9
PI,Araújo,Vila São Dimas,Vila Nicole Moura,7
MA,Carvalho das Flores,Santa Tereza,Esplanada Helena da Costa,4
SE,Rezende,São Damião,Rua Gonçalves,94
SC,Silveira,Venda Nova,Núcleo Freitas,14
TO,Nunes Grande,Vila Vista Alegre,Chácara Lavínia Cavalcanti,34
RN,da Cunha,Minaslandia,Residencial de Sales,31
CE,Silveira,Vila Santo Antônio,Parque de Souza,417
PE,Fogaça,Santa Inês,Setor Costa,945
MT,Moreira da Prata,Chácara Leonina,Campo Guilherme Farias,344
SC,Mendes,Vila Nova Cachoeirinha 2ª Seção,Esplanada Aragão,95
MT,Ramos,Maravilha,Quadra Vitória Vieira,74
RJ,Silveira do Sul,São Paulo,Favela de Gonçalves,37
AL,Nunes do Campo,Canadá,Colônia Juan Nogueira,24
PI,da Cunha,Conjunto Lagoa,Aeroporto Vinicius Martins,477
PI,da Rocha da Praia,Santa Tereza,Ladeira de Pires,71
RN,Moraes de das Neves,Olaria,Núcleo de da Cunha,823
MS,Teixeira,Nova Vista,Viaduto Beatriz Moraes,81
CE,Oliveira de Pereira,João Pinheiro,Distrito de Cunha,58
SE,Ribeiro,Vila De Sá,Lagoa Thales Alves,46
BA,Cunha Paulista,Vila São Geraldo,Vale da Rocha,8
AC,Teixeira,Barão Homem De Melo 1ª Seção,Pátio de da Costa,88
RJ,Nogueira do Oeste,Ouro Preto,Estrada de Moura,8
RS,Martins do Amparo,São Geraldo,Lagoa Rafaela Rezende,708
DF,Silveira de Rezende,Vila Independencia 2ª Seção,Parque Pietro Santos,46
RS,das Neves,Novo Glória,Viela de Fernandes,2
RN,Dias,Santa Lúcia,Núcleo Júlia Melo,18
AM,da Mota do Galho,Jardinópolis,Colônia Renan Novaes,1
SP,Dias,Vila Mangueiras,Praça Isaac Porto,207
PA,Peixoto da Serra,Jardim Atlântico,Vila Freitas,3
MS,Moraes,Marmiteiros,Chácara de Cunha,2
TO,Rodrigues do Campo,Atila De Paiva,Núcleo de Duarte,612
PA,Moraes das Flores,Vila São Dimas,Favela Stephany Correia,38
BA,Freitas,Vila Engenho Nogueira,Setor de Cavalcanti,9
RO,Gomes,Alto Caiçaras,Estrada Moura,402
AL,Lopes do Galho,São Gonçalo,Parque de Campos,82
RN,Moura de da Paz,Vila Nova Cachoeirinha 1ª Seção,Favela Catarina da Rocha,5
MG,Rezende,Vila Calafate,Praça Duarte,75
MS,Caldeira,Frei Leopoldo,Sítio de Oliveira,501
GO,Fernandes das Flores,Coração Eucarístico,Rodovia Campos,40
RR,da Luz,Xodo-Marize,Estação da Paz,217
SP,Rezende,Nazare,Rua Bruno Moreira,89
RJ,Novaes,Vila Califórnia,Viaduto de da Conceição,58
SC,Viana,Coração Eucarístico,Condomínio Danilo Martins,4
PE,Moreira,Das Industrias I,Condomínio Marcos Vinicius Silva,653
RS,Freitas,Túnel De Ibirité,Passarela de Alves,81
RN,da Paz,Novo Ouro Preto,Estação de Fogaça,687
PI,Sales do Oeste,Vila Betânia,Recanto Benjamin Cardoso,56
AM,Santos dos Dourados,Vila Ecológica,Sítio Aragão,70
SE,Cavalcanti,Itaipu,Rua de Moraes,7
RJ,Pinto,São Luiz,Parque Jesus,82
MG,Silveira,Xodo-Marize,Praça de Peixoto,2
RR,das Neves,Tupi A,Rua Pires,81
MG,Araújo,Novo Santa Cecilia,Residencial Cauã Oliveira,41
PA,Cardoso de Melo,Ventosa,Recanto Ferreira,69
PA,Silva,Vila São Gabriel,Trevo Melo,835
GO,Monteiro dos Dourados,Zilah Sposito,Núcleo Igor Vieira,24
SC,Correia,Vila Oeste,Viela de Costa,7
MT,Mendes de Minas,Grajaú,Aeroporto Daniela Caldeira,79
RO,Martins,Savassi,Alameda Castro,672
AP,Jesus,Novo São Lucas,Morro de Farias,461
AP,Ramos,Concórdia,Praça Pedro Henrique Teixeira,49
AP,Alves,Olhos D'água,Morro Gabriela Rocha,7
RR,da Mata do Campo,Vila Rica,Vale Milena Jesus,7
MG,Teixeira da Prata,São José,Pátio Marcelo Rocha,39
GO,Souza do Galho,Oeste,Praça da Costa,790
RS,da Cruz de da Costa,Milionario,Rua de Santos,25
PE,Caldeira,Ernesto Nascimento,Rodovia de Ramos,9
AC,Rezende,Guaratã,Lago Martins,15
ES,Nascimento,Nova Pampulha,Pátio de Pinto,74
SP,Ribeiro de Santos,Conjunto Novo Dom Bosco,Fazenda de Melo,187
SP,Monteiro,Alto Dos Pinheiros,Via Cavalcanti,3
RN,da Mata de Minas,Barão Homem De Melo 2ª Seção,Praça Marcos Vinicius Araújo,23
RJ,Monteiro,São Salvador,Fazenda Moura,4
AL,Lopes da Praia,Ipiranga,Trecho Jesus,37
PB,Martins,Boa União 2ª Seção,Viela Sarah Barros,53
AP,Barros de Minas,Grotinha,Viaduto de Vieira,9
RN,Ramos de Ferreira,Jatobá,Área Ryan Melo,17
MS,Nogueira do Campo,Leticia,Travessa Barbosa,819
RO,Fernandes,Lindéia,Viaduto Duarte,85
CE,Azevedo,Oeste,Pátio Bárbara Pires,947
SC,da Paz dos Dourados,Vila Atila De Paiva,Viela Moura,60
MA,Souza de Fernandes,Pompéia,Vila Helena Monteiro,199
BA,da Cunha,Europa,Vereda Carolina Santos,41
MG,Lima,Tres Marias,Campo Cavalcanti,93
MT,Moreira das Flores,Concórdia,Viela Benjamin Silveira,74
SC,Martins,Trevo,Área de Viana,85
MT,da Mata de Pereira,Funcionários,Avenida Pietro Melo,427
PB,Novaes,Beija Flor,Setor de Aragão,28
PA,Porto de Melo,Santa Rita,Estrada Antônio Cavalcanti,94
RN,Aragão,Minas Brasil,Pátio Lopes,871
AM,Barbosa de Minas,Jardim Alvorada,Avenida Luiz Gustavo Caldeira,4
MT,Moraes,Nova Floresta,Feira de da Cunha,66
MS,Pereira,Piratininga,Vereda Barros,25
SC,Rocha do Oeste,Vila Santa Rosa,Vila Almeida,67
ES,Cavalcanti das Pedras,Vila Puc,Ladeira Fernanda Vieira,36
SC,Rodrigues,Pantanal,Vale de Lima,4
ES,Dias,Jardim Guanabara,Estação de Azevedo,748
PR,Costa Alegre,Pilar,Estrada Viana,38
BA,Campos,Taquaril,Distrito de Rezende,4
BA,Azevedo,Sion,Praça de Alves,38
PB,Monteiro,Vila Dos Anjos,Favela Isaac Cardoso,11
RO,Monteiro,Rio Branco,Rodovia João Pedro Ferreira,1
AM,Moreira,Nova Pampulha,Jardim de da Luz,253
RR,Nascimento do Galho,Marmiteiros,Núcleo Vitor Barros,8
PA,Freitas,Madre Gertrudes,Núcleo Diego Costa,36
AL,Campos dos Dourados,Califórnia,Avenida Sophie Cavalcanti,73
SC,Cardoso,Flamengo,Fazenda Nunes,3
AL,Ramos da Prata,Primeiro De Maio,Aeroporto Caldeira,88
PB,Costa da Mata,Piraja,Ladeira Renan Farias,39
MS,Alves,Etelvina Carneiro,Aeroporto Moura,47
PA,Rocha,Vila Nova Cachoeirinha 3ª Seção,Lago de Alves,24
RO,Araújo,Dom Bosco,Pátio Ana Beatriz Moura,136
RR,Barbosa,Boa Vista,Feira da Mota,500
DF,Nunes,Buritis,Morro Mariane Vieira,39
AC,Porto,Marieta 3ª Seção,Pátio da Paz,3
MG,Farias do Amparo,Havaí,Parque Mirella Monteiro,114
TO,Santos de Melo,Mala E Cuia,Sítio Thiago Pereira,13
MT,Peixoto,Vila Tirol,Setor de Alves,53
SP,Jesus da Prata,Nova America,Avenida de Souza,2
SE,da Paz,Ermelinda,Lagoa Felipe Nogueira,495
SP,Cardoso,Barroca,Recanto Ana Laura Peixoto,66
MG,Santos Paulista,Santa Terezinha,Viaduto Marcela Viana,66
DF,Mendes de Minas,Vila Aeroporto,Vale de Martins,1
AP,Nascimento de Cardoso,Nossa Senhora Aparecida,Praia Rafaela Cardoso,490
GO,Rodrigues das Pedras,São Bento,Travessa Cunha,43
MA,Nogueira de Minas,União,Colônia Rafaela Ribeiro,4
ES,Nunes,Pompéia,Morro Ribeiro,39
PE,Moura,Vila Nova Dos Milionarios,Área Aragão,5
PE,Pinto,Boa Esperança,Pátio Ana Julia Porto,37
SP,Porto,Universo,Trevo de Moraes,35
BA,Fogaça de Cardoso,Alto Dos Pinheiros,Loteamento de da Rocha,64
AC,Melo,Nova Cintra,Avenida Peixoto,53
DF,Lopes da Prata,Araguaia,Vereda Pedro Henrique Castro,3
ES,Martins,Parque São Pedro,Vereda de da Paz,1
RN,Moura,Conjunto Providencia,Estação Letícia Vieira,29
PA,Alves,Mangueiras,Vale de Fernandes,312
AP,Caldeira da Praia,Pedreira Padro Lopes,Largo Catarina da Cruz,42
MG,Silveira Verde,Vila Maria,Praça Caroline Lopes,167
SE,Porto do Norte,Beira Linha,Viela Juan Gonçalves,65
AM,da Luz,São Gonçalo,Residencial de Monteiro,122
RS,Costa do Norte,Nova Vista,Aeroporto de Lopes,42
RR,Rezende,Savassi,Rodovia da Rosa,465
ES,Dias dos Dourados,Vila Nova Gameleira 2ª Seção,Estação Miguel Pereira,50
PR,Peixoto Paulista,Ermelinda,Jardim Brenda Barbosa,70
RO,da Mota de Aragão,Itaipu,Rodovia de Gomes,75
PB,Martins de Minas,Ápia,Colônia de Melo,91
DF,Cunha do Sul,Jardinópolis,Jardim de Cunha,423
RN,Costa da Mata,Tres Marias,Estação Stephany Cardoso,65
TO,Moreira,Monsenhor Messias,Vereda de Santos,76
SC,Campos,Senhor Dos Passos,Trecho de Novaes,216
TO,Caldeira de das Neves,Califórnia,Núcleo Renan Sales,6
PR,Barbosa de da Mota,Vila Dos Anjos,Estrada Davi Lucca da Luz,8
RS,Teixeira,Brasil Industrial,Praça Jesus,4
PR,Teixeira,Boa Viagem,Condomínio de Martins,6
TO,Nascimento Verde,Tiradentes,Área Maria Fernanda da Conceição,8
SP,Dias de Goiás,Minas Brasil,Vereda Lima,3
RJ,Fogaça da Praia,Conjunto Bonsucesso,Morro Lima,34
ES,Alves dos Dourados,Alípio De Melo,Passarela de da Mota,20
MA,Carvalho do Amparo,Nossa Senhora Aparecida,Parque de Lima,97
RO,Ramos Grande,Granja De Freitas,Loteamento Eloah Fernandes,83
PB,da Conceição,Milionario,Trevo Felipe Teixeira,292
GO,Correia,Vila Califórnia,Jardim de Cavalcanti,55
PR,Oliveira do Norte,Dom Silverio,Viela Alícia Pires,758
PB,Moraes de Minas,Flavio Marques Lisboa,Recanto de da Cunha,26
SP,Cardoso,Olaria,Viaduto de da Mata,50
PI,Martins dos Dourados,Pedreira Padro Lopes,Campo Viana,128
BA,Costela da Praia,Cidade Jardim,Condomínio de Mendes,8
SC,Azevedo do Amparo,Vitoria Da Conquista,Morro Araújo,6
RN,da Rocha,Delta,Jardim de Viana,8
MT,Moreira,Itapoa,Núcleo Levi Moreira,753
RO,Campos,Boa Vista,Chácara de Gomes,6
RS,da Cruz,Estoril,Praia Isabella da Costa,785
RO,Caldeira,São Tomaz,Condomínio de Ramos,32
PE,Correia da Praia,São João Batista,Aeroporto de Monteiro,23
RO,Ribeiro,Colégio Batista,Setor Lima,69
TO,da Mota de Peixoto,Biquinhas,Conjunto de da Conceição,2
PI,Aragão,Floramar,Ladeira Catarina Pereira,9
RO,Pinto de da Luz,Vila Trinta E Um De Março,Vereda Jesus,4
MA,Aragão da Mata,Vila Mangueiras,Distrito Caldeira,32
RR,Rezende,Ademar Maldonado,Campo de Lopes,524
PE,Dias Verde,Novo São Lucas,Quadra de Dias,8
MA,Pereira,Vila Formosa,Quadra Silva,45
AL,Gomes,Marçola,Colônia Nogueira,18
RN,Moreira,São João,Feira de Mendes,539
SP,Almeida da Serra,São Jorge 3ª Seção,Ladeira Almeida,10
AM,Melo,Manacas,Ladeira Cunha,49
GO,Azevedo,Vila São Geraldo,Conjunto Novaes,978
AP,Sales da Serra,Santa Efigênia,Rodovia João Pedro Cardoso,87
PI,Costa,Jardim Vitoria,Praça Rodrigues,24
RS,Rodrigues do Sul,Pantanal,Passarela de Moreira,62
GO,Viana de Jesus,Vila Santa Rosa,Feira de Araújo,58
ES,Ribeiro da Prata,Grota,Colônia Matheus da Mota,35
SP,Campos de Minas,Urca,Trevo Viana,78
PR,da Luz de Rodrigues,Pompéia,Avenida de Castro,309
ES,Duarte,Buraco Quente,Viaduto de Peixoto,99
RR,Campos da Mata,São Francisco,Conjunto Santos,648
SP,Freitas,Aeroporto,Condomínio Farias,3
AP,Viana de Oliveira,Solar Do Barreiro,Rodovia de Ramos,283
SC,Viana do Oeste,Esplanada,Aeroporto de da Costa,67
GO,Porto,Vila Jardim Alvorada,Esplanada de da Cruz,1
PI,Aragão da Mata,Piraja,Viela Isabella Moreira,61
TO,da Mata do Amparo,Guarani,Colônia de Peixoto,3
RJ,Moura do Sul,Pilar,Conjunto Farias,64
GO,Martins,Virgínia,Jardim Moreira,412
PR,Pinto de Azevedo,Vila São Paulo,Feira Alves,7
AM,Barbosa Alegre,Solar Do Barreiro,Via Almeida,1
PB,da Rocha de Goiás,Vila Fumec,Largo de Fernandes,4
SE,da Conceição do Galho,São Paulo,Recanto de Correia,98
TO,Cardoso de Minas,Inconfidência,Esplanada Carvalho,77
SP,Farias,Vila Engenho Nogueira,Rua Porto,62
AC,Almeida da Prata,Sport Club,Rua Santos,204
SC,da Luz de Ferreira,Santa Efigênia,Morro de Almeida,23
ES,Pires,Minaslandia,Setor Nunes,98
TO,da Rosa,Vila Rica,Lagoa Santos,79
RO,Nunes,Das Industrias I,Trecho Thiago Fernandes,98
TO,Viana dos Dourados,Santa Cecilia,Aeroporto de Costela,8
PA,da Paz de da Costa,Conjunto Floramar,Distrito da Costa,3
BA,Nunes,Vila Barragem Santa Lúcia,Pátio de Silveira,50
SP,Caldeira do Oeste,Túnel De Ibirité,Trecho Cavalcanti,3
RR,da Cruz de Almeida,Custodinha,Viaduto Silva,4
SC,da Paz de Goiás,Vila Da Luz,Viela de da Luz,9
AC,Fernandes,Conjunto Jatoba,Conjunto Nina Freitas,55
CE,Nunes de Campos,Vila Nova Gameleira 1ª Seção,Travessa de Melo,67
GO,Silva,Conjunto Califórnia I,Vila de Moraes,73
MA,Almeida do Norte,Serrano,Alameda de Aragão,51
DF,Aragão das Flores,João Paulo Ii,Jardim Juan Araújo,920
BA,Almeida,Nova Pampulha,Residencial Novaes,83
SC,Vieira,Concórdia,Campo Clarice Dias,43
RS,Rezende de Minas,Boa União 1ª Seção,Esplanada Bernardo da Mota,7
PI,Costela,São Bento,Trevo de Aragão,40
RJ,da Costa Grande,Vila Trinta E Um De Março,Favela Cavalcanti,56
SP,da Luz,Carmo,Chácara Gabrielly Correia,551
AP,Carvalho,Acaba Mundo,Avenida Danilo Rezende,1
TO,Carvalho da Serra,Urca,Condomínio de Ramos,56
SP,Farias de Almeida,Esplanada,Largo de Almeida,6
MS,Moura de Goiás,Canadá,Colônia Maria Vitória Nascimento,6
RR,Silva Alegre,Alto Dos Pinheiros,Vila de Cunha,217
GO,Moura,São Francisco Das Chagas,Ladeira Amanda Fogaça,1
PE,Mendes Grande,Maria Helena,Alameda Ana Carolina Silva,45
PA,Moura,Carmo,Rua de da Luz,59
PE,Porto Grande,Vila Santa Monica 2ª Seção,Largo Ferreira,73
SC,Fernandes,Vila Tirol,Morro de Farias,92
RS,Rezende das Flores,Lorena,Recanto Laura Porto,5
AM,Gomes,Jardim Dos Comerciarios,Trevo da Luz,16
GO,Novaes,Aguas Claras,Lago Luiz Henrique Pereira,37
MG,Nascimento de Santos,Barão Homem De Melo 2ª Seção,Área Guilherme Rezende,39
SP,Rezende,Lajedo,Jardim de da Paz,9
AP,da Cunha,Canaa,Colônia Lorena Fernandes,57
PE,Lopes,Santa Cecilia,Morro de Alves,12
RJ,Lopes Alegre,Vila Satélite,Conjunto de Fogaça,810
PI,Martins da Mata,Minas Brasil,Largo da Mata,54
PA,Barbosa,Aparecida,Setor Luigi Teixeira,94
AM,Almeida Verde,Cenaculo,Vale Maria Nogueira,74
RO,Fogaça,Cidade Nova,Colônia de Novaes,6
CE,Viana,Ipe,Pátio Cavalcanti,7
PI,Cardoso Verde,Distrito Industrial Do Jatoba,Loteamento de Barbosa,91
PR,Campos,Estoril,Fazenda Viana,72
MT,Jesus da Prata,Ipiranga,Chácara de Rocha,78
SP,Dias,Pongelupe,Chácara Agatha da Rosa,10
SE,da Mata de Monteiro,Conjunto Bonsucesso,Alameda das Neves,79
RR,Rezende,Diamante,Feira das Neves,6
MA,Alves de Goiás,Mirtes,Aeroporto Isabelly Cavalcanti,1
MA,Alves da Prata,São Francisco Das Chagas,Esplanada Amanda Cunha,90
AL,Pereira,São Paulo,Aeroporto Eduardo Alves,16
PR,Rezende do Campo,Mantiqueira,Estação de Alves,54
SE,Alves,Vila Da Luz,Jardim de Farias,19
MT,Ribeiro,Aguas Claras,Rua Nicolas da Conceição,90
SC,Alves,Santa Isabel,Lagoa Stephany da Cruz,66
RS,Peixoto,Vila São Paulo,Setor de Gonçalves,1
SC,da Cunha,Santo André,Jardim Maria Julia Porto,70
DF,Cardoso do Norte,Laranjeiras,Sítio Benjamin Moura,6
SC,Ribeiro Alegre,União,Recanto de Nunes,79
MT,Gomes,Ventosa,Viela Pietra Farias,91
MT,Aragão de Pires,Frei Leopoldo,Vale Kaique Fogaça,40
SE,Pinto,Vila Jardim São José,Vereda Agatha Aragão,61
RO,Oliveira de Teixeira,Madre Gertrudes,Recanto da Mata,48
SP,Carvalho,Cenaculo,Favela Duarte,860
MA,Correia,Aguas Claras,Parque de das Neves,80
MG,Moreira,Vila Minaslandia,Quadra Novaes,307
MG,Souza,Maria Goretti,Sítio Cardoso,5
SC,Barbosa de Nascimento,Antonio Ribeiro De Abreu 1ª Seção,Estação de Viana,604
RO,Farias de Goiás,Goiania,Praça Mendes,75
AC,Ribeiro da Mata,Graça,Loteamento de Rocha,75
AL,Ferreira do Norte,Dom Silverio,Jardim de Melo,7
SP,Pereira,Jardim Dos Comerciarios,Colônia Levi Correia,166
TO,Cardoso,Conjunto Taquaril,Largo João Felipe da Rocha,81
MG,Teixeira de Ramos,Senhor Dos Passos,Campo Campos,115
SP,Araújo,Álvaro Camargos,Setor Luana Lopes,1
SP,Nogueira dos Dourados,Vila Da Paz,Aeroporto da Paz,374
PA,Rezende,Cônego Pinheiro 2ª Seção,Favela da Mata,25
AM,Peixoto dos Dourados,Sion,Viaduto de Barros,24
MS,Nunes,Vale Do Jatoba,Trevo Melo,28
PA,Correia,Suzana,Rua Igor Silveira,9
TO,Farias do Oeste,Mineirão,Largo da Costa,39
RR,Viana,Vila Santa Monica 2ª Seção,Passarela Caldeira,43
MT,Moraes,Granja De Freitas,Campo Matheus da Rocha,102
MS,Moraes da Serra,Aparecida 7ª Seção,Chácara Nascimento,97
ES,Cunha,Vila Nova Gameleira 3ª Seção,Viaduto Ribeiro,36
CE,Souza do Campo,Vera Cruz,Praia Isadora Alves,924
MG,da Rocha,Biquinhas,Praia de Peixoto,58
RS,Gomes de Gonçalves,Pompéia,Campo Nogueira,18
DF,Monteiro,Camargos,Recanto de Campos,39
ES,das Neves,Lourdes,Feira Maria Eduarda Ribeiro,76
PB,Alves de Silveira,Alto Caiçaras,Avenida de Gomes,3
AC,Fernandes,Mineirão,Conjunto Marcos Vinicius Pereira,11
BA,Vieira,Floresta,Loteamento Lopes,4
CE,Araújo,Guarani,Distrito Emilly Nunes,47
RS,Moraes de Ferreira,Belmonte,Vila das Neves,14
PB,Novaes,Minas Brasil,Praia de Nogueira,6
RR,Rodrigues das Pedras,Dom Cabral,Recanto de da Costa,68
DF,da Conceição Alegre,Jardim América,Favela Milena Farias,75
MG,Barros de Freitas,Vila Boa Vista,Praia André da Conceição,3
RJ,Rezende,Saudade,Setor Rezende,31
RR,Lima,Vitoria Da Conquista,Setor de Porto,6
AL,Melo,Flavio De Oliveira,Vereda Clarice Barbosa,99
RJ,da Paz,Vila São Gabriel Jacui,Esplanada Rebeca Peixoto,16
DF,da Rosa,Cruzeiro,Vale da Cunha,14
RO,Santos de Rodrigues,Primeiro De Maio,Rodovia de Ramos,33
AM,Araújo,Lorena,Rua Mariane Jesus,19
PB,Gomes do Galho,Cidade Jardim Taquaril,Praia Larissa Martins,94
ES,Rezende,Lindéia,Estrada Vitória Santos,6
MT,Jesus,Fazendinha,Estação de Ramos,2
RR,Campos,Granja Werneck,Recanto Porto,5
ES,Nunes,Corumbiara,Distrito de Novaes,89
MG,Rezende,Nova Floresta,Residencial Alves,12
BA,Moraes da Serra,Marilandia,Ladeira Costela,78
RN,Azevedo,Bonfim,Vila de Almeida,27
AC,Cunha de Minas,Vila Santa Monica 1ª Seção,Fazenda de Silveira,74
AL,Freitas da Praia,Itatiaia,Área de Costela,39
AC,da Luz do Campo,Alto Caiçaras,Campo de Pires,4
GO,da Costa Verde,Araguaia,Lagoa Matheus Novaes,399
SP,Rezende,Savassi,Rodovia Yago Moreira,327
PE,da Luz das Pedras,Conjunto Serra Verde,Praia de Barros,337
PE,da Cunha,Vila Aeroporto,Passarela Antônio Peixoto,26
AL,Cavalcanti,Vila Nova Gameleira 1ª Seção,Praça de Costela,57
RJ,Nunes,Vila Do Pombal,Trecho de Araújo,6
PA,Viana,Acaba Mundo,Estrada da Cunha,84
RJ,Duarte,Cenaculo,Favela de Rezende,84
SC,Barros,Distrito Industrial Do Jatoba,Esplanada Pinto,34
RS,das Neves,Taquaril,Trevo de da Rosa,89
AC,Sales,Fazendinha,Chácara de Barbosa,1
PA,Aragão,Ouro Preto,Recanto Azevedo,8
GO,Campos,Ipiranga,Campo Alexia Novaes,680
PE,Martins de Porto,Ademar Maldonado,Viaduto Luiza Cavalcanti,57
RN,Alves de Minas,Conjunto Floramar,Núcleo Yago Souza,32
PR,Castro da Mata,Milionario,Largo de Oliveira,67
CE,Aragão,Araguaia,Via Correia,1
AC,Oliveira,Independência,Núcleo de da Mata,5
AL,Souza,Olaria,Residencial Novaes,46
RR,Silva,Vila Nova Cachoeirinha 2ª Seção,Ladeira Maria Eduarda Ramos,49
PA,Ramos das Pedras,Maria Tereza,Rua Matheus Rocha,9
SC,Gomes,Vila Fumec,Avenida Alexia Pires,65
SP,Silveira,São Francisco Das Chagas,Alameda Almeida,83
PA,Teixeira do Galho,Nova Pampulha,Trevo Ana Laura Carvalho,30
AC,da Rosa de Minas,Grajaú,Lagoa Vinicius da Luz,39
MT,da Paz da Praia,Vila Antena,Trecho Maria Sophia Caldeira,74
GO,Caldeira,Esplanada,Morro de Souza,124
GO,Costela do Galho,Conjunto Providencia,Quadra de Cavalcanti,6
PE,Porto,Nova Floresta,Núcleo Gustavo Henrique da Mota,93
RJ,Santos,Vila Vista Alegre,Setor da Rosa,36
SE,Costa Grande,Santa Efigênia,Aeroporto de Pereira,85
AL,Aragão,São Francisco Das Chagas,Estrada de Ferreira,8
PE,da Luz,Jardim Felicidade,Ladeira Thomas Rezende,14
SP,Novaes de Sales,Vila Dos Anjos,Travessa de Fogaça,85
AM,da Cruz de da Cruz,Novo Santa Cecilia,Via Caio Porto,51
MT,Araújo,Barroca,Feira Teixeira,16
RJ,Santos das Flores,São Sebastião,Núcleo Maria Fernanda Ramos,68
RN,da Rosa de Araújo,Canaa,Aeroporto Clara Peixoto,6
SC,Rocha,Alípio De Melo,Rua Nogueira,228
MT,Aragão,Parque São José,Aeroporto Bernardo Porto,66
AC,Monteiro dos Dourados,Beija Flor,Praia Mariana Freitas,81
MT,Gonçalves da Praia,Mirtes,Colônia de Pinto,92
SP,das Neves,Conjunto Taquaril,Área Ian Cunha,28
AC,Rezende,Custodinha,Trecho Sofia Cardoso,65
PB,Barros dos Dourados,Vila Jardim Alvorada,Via Isabella da Rocha,25
PI,Azevedo,Carlos Prates,Ladeira Vieira,184
RJ,da Mota,Vila Copasa,Travessa Ana Carolina Novaes,8
RN,Lima,Vila Nova Cachoeirinha 3ª Seção,Rua de Peixoto,4
PR,Lopes do Oeste,Alípio De Melo,Conjunto Silveira,73
MA,Alves Paulista,Vila Formosa,Quadra de Duarte,54
RS,Rocha,Jardim São José,Fazenda Nicole Santos,73
RS,Cardoso,Serra,Trevo Aragão,96
TO,Lopes,Senhor Dos Passos,Estação de Ribeiro,23
SP,Pinto da Praia,Vera Cruz,Loteamento Maysa Pires,62
DF,Moraes das Pedras,Jardim Felicidade,Sítio Luiz Felipe da Conceição,303
SP,Souza da Mata,Dona Clara,Parque de Nunes,23
DF,Porto de Freitas,Barão Homem De Melo 2ª Seção,Travessa Eloah Silveira,75
MA,Rodrigues de Alves,Nazare,Chácara João Lucas Fogaça,93
RJ,Freitas de da Rosa,Alto Das Antenas,Núcleo Kevin Barros,25
RN,Aragão,Planalto,Esplanada Ribeiro,8
SE,Rocha,Vila Santo Antônio,Alameda Ribeiro,767
MT,Costa de Minas,Caiçara - Adelaide,Sítio Lima,95
AM,Cunha,Betânia,Ladeira das Neves,71
RJ,Souza,Ademar Maldonado,Núcleo da Mata,22
BA,Fogaça de Viana,Boa União 1ª Seção,Pátio Rezende,61
MT,Fogaça,Santo Antônio,Loteamento João Fogaça,14
MG,Vieira de Porto,Palmeiras,Praia de Pinto,35
DF,Costela das Pedras,Aparecida,Trecho Melo,48
BA,da Conceição,Marieta 3ª Seção,Área de Moraes,91
SE,Duarte,Santa Monica,Favela Nina Peixoto,343
SP,Duarte do Galho,Buraco Quente,Aeroporto Ferreira,20
BA,Nascimento,Serra Do Curral,Trecho Enzo Gabriel Aragão,953
MS,Barbosa do Oeste,Vila Minaslandia,Distrito de Mendes,62
CE,da Mata,Vila Nova Paraíso,Núcleo Oliveira,39
BA,Correia das Pedras,Vitoria Da Conquista,Alameda Gabriela da Mota,6
GO,Souza da Prata,Serrano,Residencial Moraes,17
TO,Nascimento da Serra,Grajaú,Rua de da Costa,24
BA,da Cruz,Madri,Fazenda Vitor Oliveira,8
PA,Ribeiro de Fernandes,Vila Calafate,Recanto de da Cunha,7
PA,Silva de Minas,União,Passarela Ana Gonçalves,122
RO,Almeida de Ferreira,Santa Monica,Morro Maria Fernanda Rocha,9
SP,Novaes,Vila Ecológica,Conjunto Paulo Melo,13
SC,Dias de Silva,Manacas,Ladeira de da Luz,3
SP,Moraes,São Tomaz,Jardim Isabella Ramos,81
PR,da Conceição de Minas,Alta Tensão 1ª Seção,Viela de Melo,295
CE,Farias de Minas,Granja De Freitas,Via Caldeira,679
RN,Rezende Paulista,Vila Independencia 3ª Seção,Trecho Thiago Freitas,557
AP,Pires de Melo,Mangabeiras,Área Oliveira,59
MT,Melo,Vila Paquetá,Lago Fernandes,73
PR,Carvalho da Serra,Novo Aarão Reis,Condomínio Luiz Felipe Cavalcanti,88
MA,da Luz,Vera Cruz,Travessa Sophie Monteiro,53
PE,Rezende de Farias,Cdi Jatoba,Recanto Laís Monteiro,46
PI,Farias,Novo Tupi,Jardim de Carvalho,84
PR,Azevedo,Sagrada Família,Lago Nogueira,40
RO,Monteiro do Sul,Nova Cintra,Conjunto Jesus,87
RJ,Rezende,Leticia,Morro Vicente Carvalho,11
PA,Correia,Lagoinha,Vale de Fogaça,69
PA,Rodrigues,Paulo Vi,Pátio Farias,72
PA,Silveira de Jesus,Pindura Saia,Recanto Viana,59
MG,Cavalcanti das Flores,Sion,Passarela Ana Clara Ferreira,309
TO,da Paz da Praia,Vale Do Jatoba,Loteamento de da Costa,55
TO,Correia,Alta Tensão 1ª Seção,Jardim da Paz,11
PB,Aragão das Flores,Belvedere,Sítio Ramos,996
SP,Vieira da Prata,Vila Olhos D'água,Colônia de Castro,60
SP,da Mata,Lourdes,Setor Juan Cardoso,18
MS,da Cunha,Urca,Viela de Alves,36
AM,Moraes do Oeste,Buraco Quente,Estrada de Almeida,85
MG,Pinto de Lopes,Pirineus,Residencial da Mota,16
RR,Melo,Ouro Minas,Esplanada de Viana,48
RO,Correia de Minas,Lagoinha Leblon,Trevo de Novaes,84
AC,Lopes de Aragão,Madre Gertrudes,Praia Amanda da Costa,63
AP,Costa,Tupi B,Condomínio de da Mota,405
AP,Freitas do Amparo,Braúnas,Trecho Azevedo,29
MS,Aragão Paulista,Ademar Maldonado,Recanto Mariane Jesus,756
DF,Peixoto,Senhor Dos Passos,Rua de Santos,9
PR,Cardoso do Campo,Petropolis,Trecho Correia,646
DF,Araújo,Vila Santo Antônio,Praça Lopes,144
RO,Campos de Nascimento,Laranjeiras,Chácara de Rezende,520
PB,Oliveira,Vila Das Oliveiras,Ladeira Mariane Melo,5
SC,da Conceição de Ramos,Ápia,Rua de Castro,496
PA,Farias,Vila Nova Paraíso,Recanto Arthur Lima,37
PB,Sales de Duarte,Luxemburgo,Travessa Araújo,51
SP,Ribeiro,Alto Dos Pinheiros,Vereda Luiz Fernando Ramos,972
RJ,Sales Grande,Vila Ecológica,Área Pedro da Mata,131
ES,Rodrigues,Atila De Paiva,Praia Carvalho,8
MS,Ferreira,Aparecida 7ª Seção,Aeroporto Davi Lucca Rodrigues,7
MT,Barros,Alpes,Rodovia de Monteiro,953
TO,Pires de Gonçalves,Bernadete,Feira Rocha,41
MG,Santos de Novaes,Vila Puc,Passarela Juliana Souza,88
RR,Nunes,Juliana,Rodovia de Monteiro,683
PI,da Mata Paulista,Lagoinha Leblon,Feira Anthony Cardoso,37
AC,Moreira do Galho,Nova Cintra,Lagoa Gustavo Henrique Santos,44
MT,Viana,Betânia,Via Maria Sophia Castro,3
PR,da Costa do Norte,União,Aeroporto Cunha,94
TO,da Mata,Coração De Jesus,Feira Gomes,32
SC,Silveira das Pedras,Boa Viagem,Vereda Silva,41
MS,das Neves de Cardoso,Lajedo,Passarela Lopes,60
PR,Costela da Mata,Candelaria,Viaduto Felipe Nascimento,58
GO,Costela Grande,Vila Nova Gameleira 2ª Seção,Praça Melo,6
MG,Barros,Guarani,Trevo Oliveira,32
PR,Cardoso,Alto Vera Cruz,Rua Luiz Miguel Martins,483
AM,Nogueira Paulista,Nova Vista,Núcleo de Moreira,277
PA,Moreira,Jardim Do Vale,Travessa Ramos,93
RN,Martins,Jardim Vitoria,Via Correia,937
BA,Viana do Oeste,Pindura Saia,Distrito João Pedro Ramos,49
SC,da Luz de Goiás,São João Batista,Ladeira de Teixeira,46
AM,Aragão Paulista,Túnel De Ibirité,Estação de da Paz,765
ES,Silva,Heliopolis,Vale de Carvalho,10
MG,Fernandes,Milionario,Área de da Paz,63
MT,Nascimento do Galho,Vila Bandeirantes,Trevo de da Mota,396
CE,Melo Verde,Tirol,Área Beatriz Novaes,77
RR,Nogueira do Sul,Petropolis,Quadra da Costa,967
PB,Ramos do Sul,Mirante,Sítio Carvalho,70
PR,Rocha,Vila São Rafael,Morro Rafaela Fogaça,75
PA,Cardoso das Flores,Santa Sofia,Praça de Farias,86
PR,da Mata,Pirineus,Jardim Costela,84
PI,Costa,Salgado Filho,Residencial de Castro,90
PE,da Rosa de Azevedo,Camponesa 1ª Seção,Estrada Sophie Cunha,59
MT,da Mata,Vila Nova Cachoeirinha 3ª Seção,Jardim Brenda das Neves,69
MG,Araújo,Teixeira Dias,Recanto Luiz Miguel Mendes,2
RS,Alves das Flores,Providencia,Loteamento de Freitas,66
AM,Campos Alegre,Acaiaca,Chácara Daniela Porto,418
RS,da Costa da Serra,Pindura Saia,Morro João Lucas Moura,43
GO,Pinto do Campo,União,Núcleo de Nogueira,32
RJ,Moraes,São Lucas,Parque Yago das Neves,670
RJ,Moreira,Vila Antena Montanhês,Trecho Emilly Pires,818
CE,Nunes,Vila Do Pombal,Núcleo Cunha,8
SE,Melo do Sul,Vila Das Oliveiras,Colônia Ana Beatriz Lima,34
SC,Souza,São Jorge 1ª Seção,Estação da Cunha,4
SP,Carvalho,Vila Esplanada,Praia Caldeira,106
MS,Alves,Mirtes,Feira de Cardoso,60
RR,Silveira do Galho,Mariano De Abreu,Chácara Esther Melo,34
SC,Pires,Cachoeirinha,Pátio Moura,27
MT,Gomes,Leticia,Quadra Moraes,29
CE,Rezende do Amparo,Das Industrias I,Campo de Ferreira,309
MS,da Rocha,Vila Havaí,Travessa Ana Luiza da Rocha,23
AL,Cunha,Conjunto Providencia,Rua de Gomes,62
PR,Cavalcanti de Dias,Diamante,Parque de Campos,82
TO,Santos,Ribeiro De Abreu,Viela das Neves,25
RJ,Souza da Prata,Nossa Senhora Aparecida,Rua de da Rosa,8
TO,Pires,Dom Cabral,Loteamento de Carvalho,86
AM,Peixoto,Lajedo,Alameda Luiz Felipe Ferreira,53
MG,Moraes,Jardim Guanabara,Pátio Gonçalves,401
SE,da Cunha,Paulo Vi,Trevo de Duarte,498
MA,Caldeira,Novo Tupi,Esplanada Aragão,45
ES,Moreira de Minas,Conjunto Bonsucesso,Quadra Alana Moura,547
SC,Moura,Guarani,Trecho Mariana Silva,1
RR,Moraes de Silveira,Floramar,Fazenda das Neves,272
PA,Novaes de da Mata,Vila Do Pombal,Trevo Ana Laura Mendes,264
SP,Campos,Tres Marias,Campo Aragão,31
MT,Duarte da Praia,Mineirão,Esplanada Nascimento,71
RR,Sales de Correia,Unidas,Rua de Lopes,129
RS,Alves,Vila Paquetá,Viaduto de Vieira,273
MT,Moreira Grande,Coração De Jesus,Lagoa Eduarda Ferreira,923
MG,Fogaça do Oeste,Olaria,Feira Silveira,533
DF,Mendes de da Cunha,Vila Engenho Nogueira,Via de Carvalho,14
RS,Ferreira,Vila Ecológica,Vila Alícia Carvalho,12
RS,Novaes,Grajaú,Lago Oliveira,399
GO,Fernandes do Oeste,Jardim América,Distrito de da Rosa,21
RO,da Luz,Vila Vista Alegre,Praça Cardoso,498
MA,Correia,Vila Real 2ª Seção,Núcleo de Farias,96
CE,Costa do Amparo,Vila Ecológica,Esplanada Martins,3
AC,Duarte,Acaiaca,Largo de Souza,3
MT,Araújo,Bernadete,Passarela Ramos,41
GO,Peixoto,Marieta 1ª Seção,Ladeira Alves,58
AP,Santos,Morro Dos Macacos,Chácara Matheus Correia,41
BA,Aragão,Cenaculo,Viaduto Maria Eduarda Carvalho,20
AL,Cardoso,Jardim São José,Vila de Barbosa,484
DF,Nascimento do Amparo,Vila Boa Vista,Viela de Lopes,454
PI,Gonçalves,São Gonçalo,Quadra de Martins,538
MG,Azevedo do Oeste,Tupi A,Passarela Castro,25
SC,Ferreira da Praia,Alto Caiçaras,Estação de da Rocha,47
ES,Dias do Galho,Castelo,Pátio Azevedo,493
AP,Cavalcanti,Conjunto Capitão Eduardo,Estrada de Cavalcanti,988
PA,Novaes do Galho,Santa Rita,Feira Moura,96
PR,Santos,São Lucas,Via de Costela,13
SC,Cardoso dos Dourados,Vila Mangueiras,Travessa Luiz Felipe da Rocha,35
GO,Souza,Novo Santa Cecilia,Praia Ramos,62
MS,Mendes,Monsenhor Messias,Rodovia de Nascimento,4
MT,Gonçalves,Virgínia,Jardim Antônio Cunha,8
PB,Ramos do Amparo,Santa Rita,Quadra de Costa,3
PA,Pereira de Goiás,Cidade Jardim,Recanto de Nogueira,56
AP,Moura,Belvedere,Trecho Cauê Melo,713
